rec_id,patient_id,group,days,n_cgm,n_ref,n_fingersticks,fingersticks_per_day,n_meals,meals_per_day,n_meals_with_carbs,activity_minutes,n_low_events,n_nights_with_low,on_insulin,has_fasting_insulin,tbr,tir,tar
cgmacros-001,cgmacros-001,healthy,10.23,982,2856,0,0.0,43,4.2,43,14729,3,0,False,True,1.0,99.0,0.0
cgmacros-002,cgmacros-002,healthy,11.82,1135,2736,0,0.0,37,3.13,37,14628,51,8,False,True,36.2,63.8,0.0
cgmacros-003,cgmacros-003,t2d,10.12,972,2856,0,0.0,35,3.46,35,14565,3,1,False,True,1.4,94.1,4.4
cgmacros-004,cgmacros-004,healthy,9.91,951,2855,0,0.0,62,6.25,62,14275,10,1,False,True,4.3,95.7,0.0
cgmacros-005,cgmacros-005,t2d,10.04,964,2856,0,0.0,46,4.58,46,14438,5,2,False,True,1.9,93.4,4.8
cgmacros-006,cgmacros-006,healthy,10.04,964,2856,0,0.0,38,3.78,38,14435,16,5,False,True,9.6,90.4,0.0
cgmacros-007,cgmacros-007,prediabetes,7.23,667,1641,0,0.0,17,2.35,17,5655,22,3,False,True,76.6,23.4,0.0
cgmacros-008,cgmacros-008,prediabetes,10.25,984,2856,0,0.0,30,2.93,30,14496,15,1,False,True,6.5,93.3,0.2
cgmacros-009,cgmacros-009,prediabetes,9.98,958,2849,0,0.0,41,4.11,41,14370,5,1,False,True,1.6,97.3,1.1
cgmacros-010,cgmacros-010,prediabetes,11.22,1077,2856,0,0.0,45,4.01,45,15282,17,2,False,True,9.8,89.6,0.6
cgmacros-011,cgmacros-011,prediabetes,10.28,987,2856,0,0.0,39,3.79,39,14805,0,0,False,True,0.0,98.8,1.2
cgmacros-012,cgmacros-012,t2d,10.19,978,2856,0,0.0,33,3.24,33,14655,0,0,False,True,0.0,71.1,28.9
cgmacros-013,cgmacros-013,prediabetes,11.0,1056,2856,0,0.0,39,3.55,39,15318,1,0,False,True,0.3,96.6,3.1
cgmacros-014,cgmacros-014,t2d,11.98,1150,2856,0,0.0,40,3.34,40,15299,1,1,False,True,0.3,97.5,2.2
cgmacros-015,cgmacros-015,healthy,11.97,1149,2856,0,0.0,52,4.34,52,15103,30,3,False,True,87.5,12.5,0.0
cgmacros-016,cgmacros-016,prediabetes,11.31,1086,2856,0,0.0,28,2.48,28,15288,25,4,False,True,11.5,88.5,0.0
cgmacros-017,cgmacros-017,healthy,11.24,1079,2852,0,0.0,48,4.27,48,15309,47,8,False,True,29.7,70.3,0.0
cgmacros-018,cgmacros-018,healthy,19.15,954,2790,0,0.0,39,2.04,39,14071,4,1,False,True,1.9,98.1,0.0
cgmacros-019,cgmacros-019,healthy,10.03,963,2855,0,0.0,48,4.79,48,14430,22,5,False,True,11.9,88.1,0.0
cgmacros-020,cgmacros-020,prediabetes,11.29,1084,2855,0,0.0,41,3.63,41,15384,0,0,False,True,0.0,93.1,6.9
cgmacros-021,cgmacros-021,healthy,11.2,1075,2856,0,0.0,39,3.48,39,15348,6,1,False,True,2.6,97.2,0.2
cgmacros-022,cgmacros-022,prediabetes,12.24,1175,2856,0,0.0,42,3.43,42,15351,2,1,False,True,0.6,99.3,0.1
cgmacros-023,cgmacros-023,prediabetes,11.24,1079,2856,0,0.0,42,3.74,42,15323,4,3,False,True,1.7,94.6,3.7
cgmacros-026,cgmacros-026,prediabetes,11.33,1088,2769,0,0.0,36,3.18,36,15344,7,1,False,True,3.5,96.1,0.4
cgmacros-027,cgmacros-027,healthy,10.09,969,2847,0,0.0,36,3.57,36,14535,38,9,False,True,36.2,63.8,0.0
cgmacros-028,cgmacros-028,t2d,13.01,1249,2851,0,0.0,34,2.61,34,15356,2,0,False,True,0.3,99.1,0.6
cgmacros-029,cgmacros-029,prediabetes,12.31,1182,2856,0,0.0,30,2.44,30,15347,1,0,False,True,0.3,98.6,1.2
cgmacros-030,cgmacros-030,t2d,10.74,1031,2847,0,0.0,28,2.61,28,13833,1,1,False,True,0.2,73.3,26.5
cgmacros-031,cgmacros-031,healthy,9.53,915,2735,0,0.0,54,5.67,54,13725,25,8,False,True,14.9,85.1,0.0
cgmacros-032,cgmacros-032,healthy,9.57,919,2735,0,0.0,20,2.09,20,13146,48,6,False,True,55.6,44.4,0.0
cgmacros-033,cgmacros-033,healthy,11.01,1057,2852,0,0.0,33,3.0,33,12375,7,0,False,True,1.8,88.6,9.6
cgmacros-034,cgmacros-034,healthy,10.21,980,2856,0,0.0,49,4.8,49,14700,33,7,False,True,25.3,74.7,0.0
cgmacros-035,cgmacros-035,t2d,10.0,960,2856,0,0.0,27,2.7,27,14400,0,0,False,True,0.0,44.8,55.2
cgmacros-036,cgmacros-036,t2d,11.89,1141,2855,0,0.0,30,2.52,30,15242,14,2,False,True,13.6,79.5,6.9
cgmacros-038,cgmacros-038,t2d,10.07,967,2856,0,0.0,40,3.97,40,14505,1,0,False,True,0.3,94.8,4.9
cgmacros-039,cgmacros-039,t2d,11.95,1147,2856,0,0.0,34,2.85,34,17205,3,0,False,True,0.8,83.1,16.1
cgmacros-041,cgmacros-041,prediabetes,9.94,954,2849,0,0.0,48,4.83,48,14310,0,0,False,True,0.0,89.6,10.4
cgmacros-042,cgmacros-042,t2d,10.08,968,2855,0,0.0,22,2.18,22,14520,0,0,False,True,0.0,95.8,4.2
cgmacros-043,cgmacros-043,prediabetes,10.09,969,2856,0,0.0,64,6.34,64,14520,19,6,False,True,14.2,85.8,0.0
cgmacros-044,cgmacros-044,prediabetes,10.09,969,2850,0,0.0,43,4.26,43,14535,3,0,False,True,1.7,97.2,1.1
cgmacros-045,cgmacros-045,prediabetes,10.81,1038,2735,0,0.0,32,2.96,32,14641,5,1,False,True,2.3,85.2,12.5
cgmacros-046,cgmacros-046,t2d,10.2,979,2856,0,0.0,29,2.84,29,14655,0,0,False,True,0.0,63.6,36.4
cgmacros-047,cgmacros-047,t2d,10.9,1046,2854,0,0.0,29,2.66,29,15690,0,0,False,True,0.0,78.3,21.7
cgmacros-048,cgmacros-048,healthy,12.05,1157,2856,0,0.0,36,2.99,36,17340,24,3,False,True,23.2,76.8,0.0
cgmacros-049,cgmacros-049,t2d,10.64,1021,2855,0,0.0,28,2.63,28,15307,4,0,False,True,1.8,80.8,17.4
