rec_id,patient_id,dataset,group,dev,k_days,error,n_test,sigma_res_mgdl,twin_rmse,twin_mae,twin_mard,twin_r,twin_bias,twin_tir_err,twin_tar_err,twin_tbr_err,twin_gmi_err,twin_cov80,day_rmse,day_mae,day_mard,day_r,day_bias,day_tir_err,day_tar_err,day_tbr_err,day_gmi_err,mean_rmse,mean_mae,mean_mard,mean_r,mean_bias,mean_tir_err,mean_tar_err,mean_tbr_err,mean_gmi_err,floor_rmse,twin_rmse_vs_ref
cgmacros-001,cgmacros-001,cgmacros,healthy,False,3,,694.0,9.149276136018148,9.221251495894883,6.9538042465773175,7.7826786345174455,0.23538868336971605,-0.36775643970771654,0.43227665706051255,0.0,0.43227665706051877,0.008796734037808562,0.8876080691642652,10.563433870029241,8.121998078770412,9.04912242675335,0.12245752598240671,-0.4942363112391936,0.43227665706051255,0.0,0.43227665706051877,0.011822132564841326,9.347971966214057,7.1385086455331415,7.956099623999307,,-0.2912463976945246,0.43227665706051255,0.0,0.43227665706051877,0.006966613832853241,22.656463347400532,23.83264053364008
cgmacros-001,cgmacros-001,cgmacros,healthy,False,5,,502.0,8.845609805286283,9.244739332018602,7.130072801452587,8.10340225610695,0.2990344698744709,0.6968291098954156,0.5976095617529893,0.0,0.5976095617529881,0.016668152308698225,0.8685258964143426,10.158818515235815,7.8780876494023895,8.875933338174052,0.1375561665508475,0.6266932270916322,0.5976095617529893,0.0,0.5976095617529881,0.014990501992031113,9.693965666375076,7.617662682602922,8.632270856183123,6.036851413341643e-16,0.8118193891102293,0.5976095617529893,0.0,0.5976095617529881,0.019418719787516636,25.045817775584982,25.366680389712354
cgmacros-001,cgmacros-001,cgmacros,healthy,False,7,,310.0,8.664383056567113,9.6853762693287,7.623204944089585,8.797847666464957,0.32776091326245244,1.4144850392653168,0.9677419354838719,0.0,0.967741935483871,0.03383448213922602,0.8419354838709677,10.116217368721271,7.815207373271891,8.926821553189015,0.2187507628232286,1.3880184331797236,0.9677419354838719,0.0,0.967741935483871,0.03320140092165946,10.248073030047939,8.07972350230415,9.305759341275708,-6.878297183523178e-16,1.5493759600614492,0.9677419354838719,0.0,0.967741935483871,0.037061072964670316,27.57774698977888,27.48604598384304
cgmacros-002,cgmacros-002,cgmacros,healthy,True,3,,847.0,13.956458691693774,24.66691941365115,16.12972624097687,17.118958971606137,0.35184835558865035,-11.59088803622879,33.53010625737899,0.0,33.53010625737898,0.27725404182659297,0.7780401416765053,24.733390800507326,17.217434081070447,19.264854346819362,0.28830088580282,-8.98917748917749,13.105076741440385,0.0,13.10507674144037,0.21502112554112607,24.883056602102684,15.865936147186149,16.90408196874037,-6.636888644273571e-17,-8.846611406270501,33.64817001180637,0.0,33.64817001180638,0.21161094483798948,48.71319916939957,59.840250589195435
cgmacros-002,cgmacros-002,cgmacros,healthy,True,5,,655.0,16.55265998306207,23.255211542207128,15.03775058486815,16.634767025794527,0.3696476912203529,-7.1086678718111385,25.648854961832058,0.0,25.648854961832058,0.17003933549372263,0.816793893129771,22.108234796146135,14.971908396946565,17.051689904310226,0.4402598341857391,-5.830534351145039,1.0687022900763452,0.0,1.0687022900763452,0.13946638167938907,24.417140382533493,16.145515267175572,18.073053969729163,,-5.741952926208656,33.12977099236642,0.0,33.12977099236642,0.13734751399491074,47.46726183976579,52.959724611123605
cgmacros-002,cgmacros-002,cgmacros,healthy,True,7,,463.0,17.15024500651337,23.341813858114744,15.34954911575022,17.635386492312712,0.3441706268753457,-3.7736339939411745,35.85313174946004,0.0,35.85313174946005,0.09026532513507313,0.8336933045356372,22.235240887405126,14.938599197778464,17.56383634275026,0.40528903088792784,-2.280468991052144,10.799136069114475,0.0,10.799136069114475,0.05454881826596747,24.274906333870767,17.374347552195825,20.646936176065562,-5.535125500994065e-16,-2.1805994806129743,40.604751619870406,0.0,40.60475161987041,0.05215993957626264,47.981518220172475,48.258588024709525
cgmacros-003,cgmacros-003,cgmacros,t2d,True,3,,684.0,19.92801931370367,19.56211239919067,13.467249520487059,11.499800225085046,0.7660012086522574,-1.469674012273139,1.4619883040935662,1.3157894736842102,0.14619883040935672,0.035154602373574484,0.9517543859649122,29.116683537068912,18.13573749187784,14.725048625354825,0.40295774544784263,-3.499967511371019,4.970760233918128,4.824561403508771,0.14619883040935672,0.08371922287199496,30.27752932681438,19.992288688542345,16.56253777770186,-4.983100148705447e-17,-3.9478192007797364,4.970760233918128,4.824561403508771,0.14619883040935672,0.09443183528265031,17.770612773975273,22.696566378123322
cgmacros-003,cgmacros-003,cgmacros,t2d,True,5,,492.0,19.954246008836368,19.963378429165413,13.763142639675063,12.082845578212668,0.7389359881067074,0.9551710111176613,0.0,0.20325203252032598,0.20325203252032523,0.02284769058593472,0.9105691056910569,26.815761938585364,17.63948509485095,15.175634255395332,0.4372585866371439,-0.699674796747969,4.268292682926827,4.0650406504065035,0.20325203252032523,0.016736221138211604,27.755959658495065,18.752937556458896,16.127245779638322,3.08503676181114e-16,-1.5403218157181635,4.268292682926827,4.0650406504065035,0.20325203252032523,0.03684449783197952,17.98600856402111,23.08156654496531
cgmacros-003,cgmacros-003,cgmacros,t2d,True,7,,300.0,19.46040191288536,19.961617190354023,14.019428711298184,12.470173548526388,0.6852299451291064,-0.2792275931071212,3.666666666666657,3.666666666666667,0.0,0.006679124027122896,0.87,27.875215711180108,18.5444126984127,16.167461153121724,0.3547087082029683,0.9797777777777774,4.333333333333329,4.333333333333334,0.0,0.023436284444443345,27.21742297999525,18.640903439153437,16.312619309129804,,-0.2911706349206406,4.333333333333329,4.333333333333334,0.0,0.006964801587303171,17.301475852269558,19.714694172784007
cgmacros-004,cgmacros-004,cgmacros,healthy,True,3,,663.0,13.37862005915354,15.984271172598083,12.20422194455723,13.724655347307266,0.35737992985832384,3.17872382719216,5.429864253393674,0.0,5.429864253393665,0.07603507394643572,0.9683257918552036,16.224151526377906,11.783123847829728,13.241430963396125,0.31417862955754855,2.045165074576838,5.429864253393674,0.0,5.429864253393665,0.04892034858387806,16.700341868028442,12.942519621808838,14.524984464267398,-6.15668524989741e-16,2.06897833919893,5.429864253393674,0.0,5.429864253393665,0.049489961873638855,26.939699156608395,27.23364530001452
cgmacros-004,cgmacros-004,cgmacros,healthy,True,5,,471.0,14.421713070448314,15.920124291489874,11.99396292166599,13.64619438253674,0.365034775029915,3.7566545169146828,6.157112526539279,0.0,6.1571125265392785,0.08985917604459992,0.9596602972399151,14.594742660582105,11.114154281670205,12.793994287421162,0.42581677290749653,2.4736730360934165,6.157112526539279,0.0,6.1571125265392785,0.05917025902335471,15.84588936719002,12.670523708421795,14.498702625413761,6.481788154978029e-16,2.5445506015569666,6.157112526539279,0.0,6.1571125265392785,0.06086565038924263,26.055132719366952,26.08013764844229
cgmacros-004,cgmacros-004,cgmacros,healthy,True,7,,279.0,14.39601672538268,17.336819613675065,12.049343992344692,12.928462933532314,0.2655198921080767,1.3941690475905915,2.867383512544805,0.0,2.867383512544803,0.0333485236183666,0.9605734767025089,13.9219213112496,10.127328895715992,10.936476029953242,0.3433251409920649,-1.3741223889610992,2.867383512544805,0.0,2.867383512544803,0.03286900754394928,14.0306340431717,10.72339634181032,11.581601104556597,2.9114472298473646e-16,-0.9883704557091633,2.867383512544805,0.0,2.867383512544803,0.023641821300563137,24.327407995284176,29.033399567042483
cgmacros-005,cgmacros-005,cgmacros,t2d,False,3,,676.0,23.411159097022303,27.118032398474433,16.86824822336144,12.709725040874767,0.5966293730408567,-9.057659445901383,6.0650887573964525,6.06508875739645,0.0,0.21665921394596133,0.8949704142011834,34.417354965394104,24.028599605522682,19.12819025010694,0.30297747272111636,-12.81360946745562,3.6982248520710073,3.698224852071006,0.0,0.30650153846153927,33.73208129234311,21.049638395792243,15.411542186021851,6.29207342875529e-16,-13.209401709401709,6.0650887573964525,6.06508875739645,0.0,0.3159688888888894,37.3053869232196,53.08466665915461
cgmacros-005,cgmacros-005,cgmacros,t2d,False,5,,484.0,24.58983920236742,24.59139762698433,15.057532018726233,11.719001260391167,0.6297230645501027,-3.4608995720875773,4.958677685950406,4.958677685950414,0.0,0.08278471776433527,0.8946280991735537,32.24763685364601,21.833471074380164,17.98170825792927,0.2756538178056782,-5.4537190082644615,3.512396694214871,3.512396694214876,0.0,0.13045295867768658,31.621875901094,20.84426652892562,16.38926681473928,2.798138591134326e-16,-5.936139807162528,5.991735537190081,5.991735537190083,0.0,0.14199246418732692,38.328345465408525,47.76987359724538
cgmacros-005,cgmacros-005,cgmacros,t2d,False,7,,292.0,24.075296760536137,24.302836682588506,13.88947587463149,10.386736337020636,0.7292121435896031,-5.6107963553554,7.191780821917803,7.191780821917808,0.0,0.1342102488201018,0.8904109589041096,30.349554133786768,19.921722113502934,16.597181625603113,0.3399266281368124,-1.6545988258317028,7.191780821917803,7.191780821917808,0.0,0.039578003913894655,31.750262777953637,20.87328767123288,16.569129082718298,0.0,-2.217710371819955,7.191780821917803,7.191780821917808,0.0,0.05304763209393393,37.77858529444049,48.35644534556964
cgmacros-006,cgmacros-006,cgmacros,healthy,False,3,,676.0,11.386061924461341,19.14523490645555,15.328342500855436,15.792033124244343,0.5219972083224318,-10.846594601391203,19.378698224852073,0.0,19.378698224852073,0.25945054286527736,0.9068047337278107,22.241552038490205,16.96153846153846,17.068603101536688,0.30465878608357166,-14.071992110453648,19.52662721893492,0.0,19.526627218934912,0.33660205128205156,22.18087913822092,16.492192636423404,16.167733400350112,6.965523390934955e-16,-14.07601906640368,5.325443786982248,0.0,5.325443786982249,0.3366983760683766,30.753676837953126,38.60038864582851
cgmacros-006,cgmacros-006,cgmacros,healthy,False,5,,484.0,11.558994918168173,25.079510370145115,19.30606596929418,18.92122232797984,0.46516952115988924,-9.387596117564641,16.11570247933885,2.272727272727273,13.842975206611568,0.22455129913214655,0.5888429752066116,23.312515260447444,18.72995867768595,18.181494677880078,0.20808972323242328,-16.660537190082646,24.173553719008254,0.0,24.173553719008265,0.3985200495867769,22.504258385191424,16.929390495867764,15.780476086514383,6.228419034421155e-16,-16.657076446280982,0.6198347107438025,0.0,0.6198347107438017,0.3984372685950408,25.605945848765618,37.243158748441
cgmacros-006,cgmacros-006,cgmacros,healthy,False,7,,292.0,14.292024977471526,16.84391513881804,12.767398667914527,12.613474386525159,0.38456366098237454,-9.388471420951424,0.0,0.0,0.0,0.22457223638915824,0.8904109589041096,16.448526551636075,12.514187866927594,12.220209775431092,0.38423419211495585,-10.204990215264186,2.0547945205479436,0.0,2.054794520547945,0.24410336594911985,16.980667123050225,11.216894977168952,10.338772119519751,,-10.21754729288976,0.0,0.0,0.0,0.24440373124592352,23.36323947795146,32.3160206399829
cgmacros-007,cgmacros-007,cgmacros,prediabetes,False,3,,382.0,20.786503325900913,27.218409600466018,25.13240320927622,54.26116223433696,0.22341718295644764,19.146731542932653,22.513089005235607,0.0,22.513089005235592,0.45798981850694975,0.643979057591623,25.771822081117563,19.819589670073963,40.44350856918381,0.13945704509954582,11.578679672567109,10.209424083769635,0.0,10.209424083769619,0.27696201776780516,21.344532207101626,19.42020513762592,41.2717079136987,-3.0050210985325276e-16,11.451699580539488,15.706806282722512,0.0,15.706806282722525,0.2739246539665041,64.47129254587935,45.042910566997016
cgmacros-007,cgmacros-007,cgmacros,prediabetes,False,5,,202.0,22.456274893544723,26.507994398832917,24.951952126547177,53.119482217152104,0.06585699973528511,19.10588680152916,27.72277227722772,0.0,27.722772277227726,0.45701281229257695,0.6732673267326733,23.094893310648626,17.39870482286324,34.97809597555616,0.0286466150136757,8.2805400540054,8.415841584158416,0.0,8.415841584158414,0.19807051809180898,18.76301242021883,15.791925192519251,32.35265676556493,2.7554685014219995e-16,7.115885588558858,13.366336633663368,0.0,13.366336633663366,0.17021198327832732,63.84619376004935,43.3090641605362
cgmacros-008,cgmacros-008,cgmacros,prediabetes,True,3,,696.0,16.212467275103027,16.20835928480056,11.416209898708809,12.209763758519863,0.4971810365352942,-2.58714648819007,6.465517241379317,0.14367816091954022,6.321839080459771,0.06188454399750665,0.8864942528735632,17.668747166587156,12.493295019157086,13.019943177997515,0.4588371625989244,-1.2040229885057476,1.867816091954026,0.14367816091954022,1.724137931034484,0.028800229885058037,18.442999131215696,13.261015325670497,14.110560915936391,2.4854329289213634e-16,-1.2341954022988553,6.465517241379317,0.14367816091954022,6.321839080459771,0.029521954022988517,43.85064088182893,43.03942794309186
cgmacros-008,cgmacros-008,cgmacros,prediabetes,True,5,,504.0,16.46539521972133,15.160070149652455,11.283440832759764,12.290182295380179,0.49983049408369873,-1.2895418553040252,5.555555555555557,0.0,5.555555555555555,0.03084584117887257,0.8928571428571429,16.929415791681027,11.818650793650795,12.579836641363162,0.4334466730661911,0.046031746031745896,3.1746031746031775,0.0,3.1746031746031744,0.001101079365079194,17.38652031861702,12.907093253968254,14.054536215248048,,0.012103174603180063,5.555555555555557,0.0,5.555555555555555,0.000289507936508393,43.88849370125477,42.799745193091304
cgmacros-008,cgmacros-008,cgmacros,prediabetes,True,7,,312.0,16.20753069887523,14.742577334655804,11.279104951583715,12.796259031941412,0.5005839446421257,1.264016388600161,7.051282051282044,0.0,7.051282051282051,0.030235272015316284,0.9038461538461539,14.918584102460505,10.933836996336996,12.198263300768652,0.5180560985551118,2.7135989010989,7.051282051282044,0.0,7.051282051282051,0.06490928571428523,17.006192840994995,13.077028006715505,14.876525004158994,,2.648695054945051,7.051282051282044,0.0,7.051282051282051,0.06335678571428627,45.45900164730008,43.20331276654751
cgmacros-009,cgmacros-009,cgmacros,prediabetes,True,3,,670.0,23.31576464339265,19.935991876697415,15.018404998031038,13.606518956087976,0.3091733688428949,-3.740928720234685,1.0447761194029965,0.7462686567164178,0.2985074626865672,0.08948301498801303,0.9895522388059701,19.979869637039705,16.044776119402986,14.558263383206594,0.4025015867668779,-5.7890547263681595,1.044776119402968,0.7462686567164178,1.7910447761194033,0.13847418905472608,20.744929951931773,15.189894278606964,13.651815649765245,,-5.803430762852399,1.0447761194029965,0.7462686567164178,0.2985074626865672,0.13881806384742923,34.02506889681248,38.4419369388182
cgmacros-009,cgmacros-009,cgmacros,prediabetes,True,5,,478.0,20.94002915370149,19.124204217244323,13.858973310099932,12.336803194039632,0.42933223265181836,-4.278921413967416,1.0460251046025064,1.0460251046025104,0.0,0.10235180022210066,0.9560669456066946,19.724105422757034,15.327196652719664,13.76870265903375,0.42961104893782726,-5.1481171548117155,1.0460251046025064,1.0460251046025104,0.0,0.12314296234309641,21.27010708436823,15.5314330543933,13.906218451554636,6.741786002121228e-16,-5.147724895397484,1.0460251046025064,1.0460251046025104,0.0,0.1231335794979076,35.17031603081088,39.0003441760776
cgmacros-009,cgmacros-009,cgmacros,prediabetes,True,7,,286.0,21.69592228871238,14.472183469708444,11.353739952500746,10.99631050219753,0.5848556529408134,0.21134113475897617,0.0,0.0,0.0,0.005055279943435131,0.9790209790209791,17.02688775208345,13.347152847152847,12.575599442963034,0.43464362019032554,0.16883116883116842,0.0,0.0,0.0,0.0040384415584417965,17.793952130160594,13.856643356643357,13.57337490830818,,0.18031968031968185,0.0,0.0,0.0,0.004313246753246958,33.864392257016256,32.54600136058704
cgmacros-010,cgmacros-010,cgmacros,prediabetes,False,3,,789.0,25.026414007547416,19.490954186185004,13.82319558371497,14.039362484999726,0.46307783736460356,-7.099525192028171,6.463878326996195,0.38022813688212925,6.083650190114068,0.1698206425933142,0.9670468948035488,23.110402996447664,18.41930713983946,19.39643850442487,0.38271304715919874,-6.364385297845373,10.51964512040557,0.38022813688212925,10.899873257287709,0.15223609632446156,21.4346429023161,15.064005069708491,15.175778963378821,-2.957703282391359e-16,-6.578580481622313,6.463878326996195,0.38022813688212925,6.083650190114068,0.15735964512040468,33.84776849649987,41.08423448879365
cgmacros-010,cgmacros-010,cgmacros,prediabetes,False,5,,597.0,22.61145716701525,21.093135396926385,15.022762561047822,14.005745011167642,0.454986708981542,-12.259246068293082,0.8375209380234452,0.16750418760469013,0.6700167504187605,0.29324116595357097,0.8743718592964824,22.350403861313538,17.337855946398662,16.942244314639296,0.38763625152715786,-10.929480737018427,8.207705192629817,0.16750418760469013,8.375209380234507,0.2614331792294813,21.772235363857725,14.901601758793971,13.493192801378303,2.8538952913856885e-16,-11.178590871021777,0.8375209380234452,0.16750418760469013,0.6700167504187605,0.2673918936348425,30.21478444950391,42.66157731814344
cgmacros-010,cgmacros-010,cgmacros,prediabetes,False,7,,405.0,20.42052842197596,22.308724448525677,15.554072191681595,14.080236427665529,0.41213423609298194,-12.99549138609832,0.24691358024691112,0.24691358024691357,0.0,0.31085215395547117,0.8691358024691358,21.504884982378215,16.086596119929453,15.24125732412293,0.39032726462583467,-9.755731922398589,4.691358024691354,0.24691358024691357,4.938271604938271,0.2333571075837746,21.91424613481071,14.51868386243386,12.884900204636851,7.337650793771482e-16,-9.97871472663139,0.24691358024691112,0.24691358024691357,0.0,0.23869085626102216,29.19852862858117,41.87657869255463
cgmacros-011,cgmacros-011,cgmacros,prediabetes,False,3,,699.0,13.310880495057217,19.669924847950288,13.236945017890271,10.978900212158413,0.48927763351885906,-2.428622998236359,1.1444921316165875,1.144492131616595,0.0,0.058092662117813276,0.9227467811158798,21.73557692823256,14.852646638054361,12.33213120626397,0.38801161185397043,-3.0376728659990464,1.5736766809728095,1.5736766809728182,0.0,0.0726611349546964,21.671595806806035,15.342855865522175,12.84758254328391,-4.84912414588456e-16,-2.9785854792560853,1.5736766809728095,1.5736766809728182,0.0,0.07124776466380389,26.48493079791845,31.63846079963552
cgmacros-011,cgmacros-011,cgmacros,prediabetes,False,5,,507.0,14.935743980630358,22.499782127102726,16.147966032715082,13.85296957662854,0.321929504369975,1.1426741540739485,0.394477317554248,0.39447731755424065,0.0,0.027332765765447853,0.727810650887574,18.012190699820668,13.181065088757395,11.161635625490913,0.5202847928961658,-2.626429980276134,0.9861932938856057,0.9861932938856016,0.0,0.06282420512820508,20.697705232097462,15.441752958579881,13.066439527462078,,-2.889854536489157,0.9861932938856057,0.9861932938856016,0.0,0.06912532051282128,28.231751537440868,31.176127195563765
cgmacros-011,cgmacros-011,cgmacros,prediabetes,False,7,,315.0,16.582192837309158,19.315705315838184,13.165711773626072,10.877408920749147,0.493022440029588,-2.9217558916651267,1.2698412698412653,1.2698412698412698,0.0,0.06988840092862958,0.9111111111111111,16.64665659821608,12.271655328798186,10.404892472826623,0.6690093460448986,-1.0299319727891143,1.2698412698412653,1.2698412698412698,0.0,0.02463597278911589,21.988821196233214,16.693211451247166,14.226698433183453,,-1.5086309523809576,1.2698412698412653,1.2698412698412698,0.0,0.036086452380953205,29.8109173567469,33.164039193915364
cgmacros-012,cgmacros-012,cgmacros,t2d,False,3,,690.0,30.13236822791568,49.70264912309453,36.25733180874537,21.039682188442182,0.37546216475818617,-8.866295569495078,15.94202898550725,15.942028985507246,0.0,0.21208179002232264,0.8478260869565217,49.322322246824974,34.000386473429955,18.812113681361026,0.42843331156299397,-8.968985507246376,1.3043478260869676,1.3043478260869534,0.0,0.21453813333333382,53.18578936266085,38.2912077294686,22.61322745438169,,-9.497095410628019,28.840579710144937,28.840579710144926,0.0,0.2271705222222229,39.373687560878864,44.2615058865202
cgmacros-012,cgmacros-012,cgmacros,t2d,False,5,,498.0,41.530188145590365,43.84319447591406,33.966880320179314,21.919835554343138,0.4601387295188419,1.2963217052919915,9.437751004016064,9.437751004016064,0.0,0.031008015190584715,0.9257028112449799,41.16658564072911,32.18299866131192,20.041382296054138,0.5635610713426769,4.52342704149933,6.4257028112449746,6.425702811244982,0.0,0.10820037483266454,49.43629817223944,38.530655957161976,25.414298099852857,,3.4318607764390805,26.506024096385545,26.506024096385545,0.0,0.08209010977242315,39.61922218597992,47.53827175297993
cgmacros-012,cgmacros-012,cgmacros,t2d,False,7,,306.0,44.40063951364382,40.64061414125829,32.425041289259624,22.5725633861176,0.3997937578149217,13.124560285551441,0.6535947712418277,0.6535947712418277,0.0,0.31393948203039024,0.9803921568627451,38.606825279873554,29.29996887643946,19.116678931228996,0.5373484234121538,12.742047930283224,17.64705882352942,17.647058823529413,0.0,0.30478978649237476,41.22456149618439,33.4173144257703,23.418685239772003,-4.2951819450435254e-16,10.78356870525988,21.568627450980387,21.568627450980394,0.0,0.2579429634298158,39.51060161268946,55.13093541780099
cgmacros-013,cgmacros-013,cgmacros,prediabetes,True,3,,768.0,15.892397321682715,27.69636426522993,18.993722230971994,13.645642018958826,0.23610187486637255,-8.598701003711584,1.6927083333333144,1.6927083333333333,0.0,0.2056809280087819,0.7669270833333334,26.697323957308562,18.672309027777775,13.36358654976786,0.22293615568893657,-9.586805555555555,3.385416666666657,3.3854166666666665,0.0,0.22931638888888894,25.793276749615455,18.045021339699073,12.813962103638863,1.6485193472084757e-16,-9.586805555555562,3.385416666666657,3.3854166666666665,0.0,0.22931638888888806,27.8154371108323,37.67106279838228
cgmacros-013,cgmacros-013,cgmacros,prediabetes,True,5,,576.0,17.663669319467925,28.782032428172517,19.199396498143383,13.497996430131412,0.06514577888278385,-8.073997888191705,3.125,3.125,0.0,0.19313002948554647,0.8402777777777778,26.402710561607115,17.898263888888888,12.638468256940913,0.1866042859880524,-9.021527777777777,3.993055555555557,3.9930555555555554,0.0,0.21579494444444425,25.86629916669601,18.277857349537037,12.884025097684551,-9.770109445078773e-17,-9.02152777777778,3.993055555555557,3.9930555555555554,0.0,0.21579494444444425,27.804058956282706,38.17210936492377
cgmacros-013,cgmacros-013,cgmacros,prediabetes,True,7,,384.0,17.4568261039358,32.609359708984236,22.4209794308166,15.290451921735078,-0.11164675402525982,-10.06693161075232,3.90625,3.9062499999999996,0.0,0.24080100412919592,0.7682291666666666,28.77130052402111,19.53497023809524,13.363441111348816,0.0957122356911348,-9.743675595238097,4.947916666666657,4.947916666666666,0.0,0.2330687202380961,27.45177616503568,20.17547123015873,13.995336311794029,-9.228647125631185e-17,-9.743675595238093,4.947916666666657,4.947916666666666,0.0,0.2330687202380961,26.055769514639174,40.69793030768751
cgmacros-014,cgmacros-014,cgmacros,t2d,True,3,,862.0,19.776963817903294,19.30491122574086,14.098692414450177,12.833668499615754,0.6069969969820592,-0.192318813822646,2.2041763341067337,1.740139211136891,0.46403712296983757,0.004600266026637101,0.9779582366589327,23.89677412024387,17.128383604021653,15.299879226064936,0.4455731522798904,1.2788089713843775,0.11600928074247463,0.3480278422273779,0.46403712296983757,0.030589110595514057,24.279534412316274,17.727176785253935,16.211832473743687,4.2980109089668025e-16,1.35547982727507,2.2041763341067337,1.740139211136891,0.46403712296983757,0.03242307746841888,29.303048945360608,32.663458224695
cgmacros-014,cgmacros-014,cgmacros,t2d,True,5,,670.0,19.85542003581334,19.162232821922295,14.324026699256958,13.580801419569516,0.569157862481314,2.295031914847795,1.641791044776113,1.0447761194029852,0.5970149253731344,0.054897163403159865,0.9537313432835821,22.51667706986661,16.633731343283586,15.866017069734454,0.46008596671816554,5.418507462686569,1.641791044776113,1.0447761194029852,0.5970149253731344,0.12961069850746298,23.69289180503064,18.36063432835821,17.78757880277411,,5.486660447761194,1.641791044776113,1.0447761194029852,0.5970149253731344,0.13124091791044812,30.44199573742845,31.49699146189121
cgmacros-014,cgmacros-014,cgmacros,t2d,True,7,,478.0,19.870370087685664,19.163593011684064,14.481254253137521,14.551200820060425,0.49081818947214934,5.501054507507148,0.8368200836820137,0.0,0.8368200836820083,0.13158522381957027,0.9476987447698745,21.48075932296812,16.560968320382546,16.848865197358606,0.5061787545913231,10.251643753735802,0.8368200836820137,0.0,0.8368200836820083,0.24521931858935986,22.85997995849564,18.88777644949193,19.614393033949096,1.8404696286058414e-16,10.40783771667663,0.8368200836820137,0.0,0.8368200836820083,0.24895547818290353,29.223961338565854,24.655937422283206
cgmacros-015,cgmacros-015,cgmacros,healthy,True,3,,861.0,14.564109244204996,19.281561270626845,17.677592308850564,40.42907490869442,0.3862291403512884,15.531211532477517,8.130081300813009,0.0,8.130081300813018,0.3715065798568622,0.9895470383275261,22.014546833700646,18.714014711575686,42.678197776904106,0.1355684901663552,15.85532326751839,10.220673635307783,0.0,10.220673635307776,0.3792593325590401,19.886093017002324,18.680018389469605,43.321706475387735,-6.616996600716681e-17,15.877898761130465,6.3879210220673635,0.0,6.38792102206736,0.379799338366241,61.220253110299595,47.18181055849496
cgmacros-015,cgmacros-015,cgmacros,healthy,True,5,,669.0,15.659300329088536,17.396194940875393,16.563059152763827,39.66532362729191,0.4962280107092496,15.719325495591768,1.4947683109118088,0.0,1.4947683109118088,0.37600626585455554,0.9312406576980568,19.560387462457086,17.52790234180369,41.81520763873861,0.18908500873742987,16.47917289486796,7.623318385650224,0.0,7.623318385650222,0.3941818156452417,18.59167242935718,17.77945316392626,42.648775669954276,-4.620419291749891e-16,16.50841429995018,2.690582959641256,0.0,2.6905829596412474,0.39488127005480855,61.87274895792732,46.909664113839305
cgmacros-015,cgmacros-015,cgmacros,healthy,True,7,,477.0,15.272536695355743,17.35095461628546,16.72886847445877,40.47919133134591,0.4497515547989799,15.701449321083196,0.628930817610063,0.0,0.6289308176100548,0.3755786677603101,1.0,16.628217651937888,14.992922032544675,36.085405438112915,0.20300435155503535,13.763212538684238,0.20964360587002107,0.0,0.20964360587001352,0.3292160439253271,16.07868696422618,15.336781845862033,36.981789532078615,5.78517188578139e-16,13.807003718678246,2.0964360587002098,0.0,2.096436058700206,0.33026352895078315,63.33983143684317,48.57431435376505
cgmacros-016,cgmacros-016,cgmacros,prediabetes,False,3,,798.0,12.665924024183097,18.297927252034093,13.075313755929063,13.358825756297128,-0.07247484113158986,-11.07813141207061,4.636591478696744,0.0,4.636591478696742,0.26498890337672965,0.7218045112781954,18.50241955472319,13.79030910609858,14.469355565125705,0.28881956011135645,-11.360066833751043,22.681704260651628,0.0,22.681704260651628,0.2717327986633249,18.3875339132487,13.20898600668338,13.509501674762683,6.474678613142298e-16,-11.278587092731836,4.636591478696744,0.0,4.636591478696742,0.26978380325814566,42.14422188861115,54.360516976040905
cgmacros-016,cgmacros-016,cgmacros,prediabetes,False,5,,606.0,14.184348851970507,16.580088971819833,11.504389550994626,11.71770906619755,-0.08706151659839788,-7.935303931607399,3.465346534653463,0.0,3.4653465346534658,0.189812470044048,0.7953795379537953,16.27965484020382,11.843894389438944,12.342696373965168,0.3310423109921548,-8.176897689768976,9.075907590759073,0.0,9.075907590759076,0.1955913927392734,16.596445692814992,11.544939493949395,11.759779305277954,,-8.071967821782186,3.465346534653463,0.0,3.4653465346534658,0.19308147029702916,43.52687118150677,52.58354336790372
cgmacros-016,cgmacros-016,cgmacros,prediabetes,False,7,,414.0,15.71797088535394,13.879423111700328,9.865098471638834,10.363549628389286,-0.038659591340314686,-5.282486765497452,2.173913043478265,0.0,2.1739130434782608,0.12635708343070018,0.8768115942028986,15.119002787628547,11.148033126293994,12.047011498710066,0.19981899290729013,-5.559696342305039,6.521739130434781,0.0,6.521739130434782,0.13298793650793694,13.90507722035465,9.842190016103059,10.322822979013223,7.507389913639972e-17,-5.426932367149763,2.173913043478265,0.0,2.1739130434782608,0.12981222222222222,45.44975885205712,51.65366728270702
cgmacros-017,cgmacros-017,cgmacros,healthy,True,3,,791.0,10.639869949677003,15.412422954068207,12.311346393640916,14.80951832599246,0.4676766334235289,-9.198646401591324,36.03034134007585,0.0,36.03034134007586,0.22003162192606407,0.9013906447534766,17.683160450160216,13.696797302991992,16.390304788062537,0.32780308831747546,-11.020438263801097,37.42098609355246,0.0,37.42098609355247,0.26360888327012244,17.53896653379159,13.342753546846467,15.521079118114626,-7.448356596778313e-16,-10.920362761623824,78.38179519595448,0.0,78.38179519595448,0.26121507725804083,51.97691065719949,61.0055973378491
cgmacros-017,cgmacros-017,cgmacros,healthy,True,5,,599.0,12.007112028001398,14.879268673061935,11.730742027137119,13.673933217472623,0.4807045297063648,-9.835549833710495,36.727879799666105,0.0,36.727879799666105,0.23526635202235457,0.9181969949916527,15.794331837624375,12.132053422370618,14.233831200322014,0.34180662601181455,-9.24457429048414,26.544240400667782,0.0,26.544240400667782,0.22113021702838065,15.666274754707725,11.557449916527545,13.11843677164568,,-9.171821090706732,17.362270450751254,0.0,17.362270450751254,0.21938996048970427,51.601562011273835,60.938516937332274
cgmacros-017,cgmacros-017,cgmacros,healthy,True,7,,407.0,12.09641022964159,14.066948910777006,10.899203324286717,12.699301249920241,0.45007585495935926,-8.28930747260285,34.3980343980344,0.0,34.3980343980344,0.1982802347446606,0.918918918918919,14.55881290644081,11.274131274131275,13.33548799091679,0.3087031734752059,-6.897156897156898,21.62162162162162,0.0,21.621621621621617,0.1649799929799931,14.31683590563999,10.11841874341874,11.451148191918781,-2.664464009546769e-16,-6.834517959517958,16.46191646191646,0.0,16.461916461916463,0.1634816695916692,49.94080033483182,57.68139261006034
cgmacros-018,cgmacros-018,cgmacros,healthy,False,3,,887.0,14.14231555734546,21.41601977833335,16.44217088050309,15.833036143993109,-0.3602298459333453,-6.868090202277637,1.803833145434055,0.0,1.8038331454340473,0.16428471763848052,0.9222096956031567,26.169633264023663,21.696963547538523,21.25059226084309,-0.13366086942734676,-8.594370537391956,0.45095828635849955,0.0,0.45095828635851176,0.205577343254415,23.117027085662066,17.53339951875347,15.885417114132316,,-15.144249440508837,1.803833145434055,0.0,1.8038331454340473,0.3622504466169705,49.474547720099494,59.85284747200094
cgmacros-018,cgmacros-018,cgmacros,healthy,False,5,,884.0,13.789434494770672,21.327365854300705,16.483446026977575,16.08532491085562,-0.3646556444766679,-5.313971185172099,1.8099547511312295,0.0,1.809954751131222,0.12711019074931595,0.8936651583710408,25.183868958251534,20.722669683257923,20.168558686654343,-0.12290209058870374,-8.726138763197586,1.8099547511312295,0.0,1.809954751131222,0.2087292392156863,22.625024439120715,17.021848739495795,15.436942489595584,3.8594980486038713e-16,-14.347666451195856,1.8099547511312295,0.0,1.809954751131222,0.3431961815126048,49.54625441065512,58.65771651012072
cgmacros-018,cgmacros-018,cgmacros,healthy,False,7,,880.0,13.530272245840372,21.45614957397479,16.4659157712298,15.853876300267725,-0.3606188255569048,-6.896531171058913,1.818181818181813,0.0,1.8181818181818181,0.16496502561172832,0.8875,24.660966800243806,20.063193181818182,19.361222625556216,-0.07389651927081885,-9.938636363636364,1.818181818181813,0.0,1.8181818181818181,0.23773218181818123,22.357016344450294,16.75437346437346,15.20503696502908,2.0543835020892855e-16,-13.876781326781321,1.818181818181813,0.0,1.8181818181818181,0.33193260933660795,49.63160962799215,60.023501371262185
cgmacros-019,cgmacros-019,cgmacros,healthy,True,3,,675.0,15.866909283894877,15.223104300218827,10.958908761078664,12.577466085679333,0.24105430812736098,-5.185877602849602,7.259259259259252,0.0,7.2592592592592595,0.12404619226016234,0.8755555555555555,15.290194281050303,11.744197530864197,13.517228236506213,0.4096230296536144,-5.911604938271606,11.407407407407419,0.0,11.407407407407408,0.14140559012345655,15.691313083837514,11.350879629629631,12.919400959225321,,-5.907175925925932,7.259259259259252,0.0,7.2592592592592595,0.14129964814814766,58.59488588479247,64.06567392153056
cgmacros-019,cgmacros-019,cgmacros,healthy,True,5,,483.0,16.45219800540932,13.313528490973974,9.511365353876942,9.804804072874651,0.415426113997417,-7.794403505959161,1.0351966873706004,0.0,1.0351966873706004,0.18644213186254355,0.9026915113871635,14.790330342342282,11.490269151138715,12.482525141945969,0.42278874761664276,-8.52422360248447,21.73913043478261,0.0,21.73913043478261,0.20389942857142884,14.464038215890472,10.31913819875776,10.583300253324765,-2.213781880869007e-16,-8.510131987577635,1.0351966873706004,0.0,1.0351966873706004,0.2035623571428573,55.136833363684765,63.70823635520819
cgmacros-019,cgmacros-019,cgmacros,healthy,True,7,,291.0,15.204709461033309,12.831564280183011,8.560008357411077,8.660668469757644,0.632663684217329,-6.144119386826947,0.3436426116838476,0.0,0.3436426116838488,0.14696733573290022,0.8487972508591065,12.943796517780601,9.6033382425135,10.15113219650525,0.4755149002528523,-6.292587137947963,3.7800687285223376,0.0,3.780068728522336,0.1505186843397146,13.896166200104755,9.331119088528883,9.453612640248043,-1.0072680252300514e-15,-6.249769882179683,0.3436426116838476,0.0,0.3436426116838488,0.14949449558173722,54.23292009465401,61.25888876101459
cgmacros-020,cgmacros-020,cgmacros,prediabetes,False,3,,796.0,26.16472970386079,26.99613421534037,22.091646687244175,17.103253434231082,0.34311862508649194,2.817342505557592,6.658291457286438,6.658291457286431,0.0,0.06739083273293822,0.9183417085427136,30.33640830586337,23.237018425460633,17.598920861910646,0.2602589949762286,1.3877721943048587,5.2763819095477515,5.276381909547738,0.0,0.03319551088777217,28.65354972378419,23.718767448352875,18.384009392673093,,1.999930206588501,7.286432160804026,7.2864321608040195,0.0,0.04783833054159725,39.09531260057506,42.65116818014408
cgmacros-020,cgmacros-020,cgmacros,prediabetes,False,5,,604.0,25.754938275205323,28.279917656972113,22.97644336350346,17.982622948904954,0.10361692994897917,2.7727502577458525,5.960264900662253,5.960264900662252,0.0,0.06632418616528035,0.9072847682119205,29.534536972368223,23.023178807947023,18.15180670207693,0.24806143757693894,5.30066225165563,5.960264900662253,5.960264900662252,0.0,0.12679184105960317,28.67120478830339,24.336465231788075,19.391372624058256,,5.924710264900657,5.960264900662253,5.960264900662252,0.0,0.141719069536423,39.30240206332203,41.8055733552759
cgmacros-020,cgmacros-020,cgmacros,prediabetes,False,7,,412.0,26.200960794251323,27.731742985071225,22.308242069845043,17.47116542433209,0.1119142528432954,0.7763549955885913,5.825242718446603,5.825242718446602,0.0,0.0185704114944798,0.8810679611650486,26.38966895399573,21.280513176144243,17.032966666299824,0.3729571924514106,5.065533980582526,5.825242718446603,5.825242718446602,0.0,0.12116757281553436,28.306439874943404,24.091452843273224,19.48020547681987,-1.888924419017937e-16,5.556648751733696,5.825242718446603,5.825242718446602,0.0,0.1329150381414692,40.24479101552765,42.84529295997093
cgmacros-021,cgmacros-021,cgmacros,healthy,False,3,,787.0,16.16475158653758,21.64978257498266,15.839330041443096,14.672995201114528,0.08482025042795549,-3.2940779171126504,0.5082592121982259,0.25412960609911056,0.25412960609911056,0.07879434377733485,0.818297331639136,22.145881508034286,15.577721304531979,13.931413024726268,0.22853499430841134,-6.975857687420585,0.5082592121982259,0.25412960609911056,0.25412960609911056,0.16686251588309986,21.099158737593417,14.944210609911055,13.31834785744437,,-6.670385959339263,0.5082592121982259,0.25412960609911056,0.25412960609911056,0.159555632147395,20.563996862554497,27.116656231890406
cgmacros-021,cgmacros-021,cgmacros,healthy,False,5,,595.0,18.623690271037074,20.97644295036115,16.29190202938119,16.030300697418667,0.08085236065884462,2.2299762605948246,0.5042016806722671,0.16806722689075632,0.33613445378151263,0.053341032153428,0.8974789915966387,19.013991752205563,13.327899159663867,12.217460213220544,0.3422284688475818,-3.5178151260504187,0.5042016806722671,0.16806722689075632,0.33613445378151263,0.08414613781512603,19.61340625563663,14.748067226890754,13.748884782032947,-6.6205991145160225e-16,-3.2859943977591057,0.5042016806722671,0.16806722689075632,0.33613445378151263,0.0786009859943988,20.905683357370922,22.785463269584447
cgmacros-021,cgmacros-021,cgmacros,healthy,False,7,,403.0,19.746955238503528,20.808658987612713,16.684147283525405,17.172393994100172,0.1270486211420516,7.275373392709587,0.0,0.0,0.0,0.17402693155361426,0.9429280397022333,16.148568269446837,12.073909961006734,11.644821513845741,0.3980931987356002,-0.10545905707195974,0.0,0.0,0.0,0.0025225806451611987,17.310068548174524,13.90296363582654,13.551588508149095,,0.20797515656386112,0.0,0.0,0.0,0.004974765745007659,21.629976442273353,19.235538785523502
cgmacros-022,cgmacros-022,cgmacros,prediabetes,True,3,,887.0,15.116379033620087,17.71897141962728,12.917609933218476,12.099830898099246,-0.01710993287851606,-5.739812258845552,0.3382187147688853,0.11273957158962795,0.2254791431792559,0.1372963092315853,0.8004509582863585,17.36067640693403,12.09695603156708,11.165549506236038,0.2704917552923496,-6.209319804584743,0.3382187147688853,0.11273957158962795,0.2254791431792559,0.1485269297256675,17.156036119512613,12.113784761367908,11.137158387500115,,-6.340234717524737,0.3382187147688853,0.11273957158962795,0.2254791431792559,0.15165841444319206,23.2598535931979,27.8368429451005
cgmacros-022,cgmacros-022,cgmacros,prediabetes,True,5,,695.0,16.492825226161784,16.625628425745347,12.669296272704088,12.33001237582967,-0.06335761475263695,-2.4224699552405022,0.2877697841726672,0.0,0.28776978417266186,0.0579454813293534,0.8561151079136691,15.04121053600704,10.474820143884893,9.90797260817104,0.35391766446295275,-3.0244604316546764,0.2877697841726672,0.0,0.28776978417266186,0.07234509352518081,15.616414827685121,11.678776978417268,11.190267195204521,-1.0384407225805384e-15,-3.2252997601918505,0.2877697841726672,0.0,0.28776978417266186,0.0771491702637892,23.810645101380285,25.033679408146014
cgmacros-022,cgmacros-022,cgmacros,prediabetes,True,7,,503.0,15.78633367820506,15.801456657625367,12.083909671590435,11.829918291890026,0.162782347832884,-1.8491472518228673,0.3976143141153159,0.0,0.3976143141153081,0.04423160226360334,0.8687872763419483,15.111534389970597,10.773785856290825,10.388767132796081,0.35343815277876556,-1.2060494177790395,0.3976143141153159,0.0,0.3976143141153081,0.028848702073275057,15.825439811983616,12.147531477799868,11.922769916977833,-4.518255640517198e-16,-1.466924642620465,0.3976143141153159,0.0,0.3976143141153081,0.03508883745148239,24.071839135467343,23.728759797031458
cgmacros-023,cgmacros-023,cgmacros,prediabetes,True,3,,791.0,28.31513255040782,27.903104344901518,21.82371854023512,19.683956566239782,0.4016944361306037,-2.0312591625501284,5.183312262958282,3.034134007585335,2.1491782553729455,0.04858771916819915,0.8596713021491783,27.797152675544623,21.266329540665826,18.81714663947091,0.4551612126537796,0.6169405815423518,5.183312262958282,3.034134007585335,2.1491782553729455,0.014757218710493625,29.4320435572447,23.450519735917965,21.602084297641337,2.8650499392127354e-16,0.3311911785363055,5.183312262958282,3.034134007585335,2.1491782553729455,0.007922092990590102,32.986132013064406,42.18744251157079
cgmacros-023,cgmacros-023,cgmacros,prediabetes,True,5,,599.0,28.23651663555841,27.683853282084915,21.81517385919997,20.082420575004043,0.3305136540506116,-0.5915121814033791,5.342237061769623,2.5041736227045077,2.8380634390651087,0.014148971379167818,0.8731218697829716,25.570397442660646,19.97846410684474,18.014750728553253,0.5087695356038738,1.5026711185308832,5.342237061769623,2.5041736227045077,2.8380634390651087,0.0359438931552587,28.978446494769727,23.235253199777407,21.76149346747546,4.982318000110243e-16,1.2579577072899288,5.342237061769623,2.5041736227045077,2.8380634390651087,0.03009034835837454,34.000133555664235,40.865374504131964
cgmacros-023,cgmacros-023,cgmacros,prediabetes,True,7,,407.0,27.860346612255583,28.25092310252769,23.48079054195155,23.468924349583546,0.26767998144373506,5.606049676835143,5.651105651105652,1.4742014742014742,4.176904176904177,0.1340967082698974,0.8918918918918919,23.76752118818405,19.702527202527204,19.148469389535087,0.615756153176997,7.419620919620918,5.651105651105652,1.4742014742014742,4.176904176904177,0.17747733239733243,29.514597488221625,24.71644656019656,25.02769962436453,,7.114941646191646,5.651105651105652,1.4742014742014742,4.176904176904177,0.1701894041769041,34.230761917098214,34.17636239738312
cgmacros-026,cgmacros-026,cgmacros,prediabetes,True,3,,800.0,17.85285098450485,23.211793687377728,16.080940692227017,14.613011384740703,0.28818393775157497,-9.143687191190677,3.75,0.5,3.25,0.21871699761328145,0.8375,25.08291666320592,17.5225,16.22627148396353,0.10456362472231115,-8.087083333333332,3.75,0.5,3.25,0.1934430333333328,23.72920507752232,16.450104166666666,15.070952962763757,-8.610918700347197e-17,-8.167083333333329,3.75,0.5,3.25,0.19535663333333453,56.04513567997008,67.17700952805222
cgmacros-026,cgmacros-026,cgmacros,prediabetes,True,5,,608.0,18.74185641872986,23.544178870892672,16.551029425471473,14.759952925232215,0.2579731418770302,-10.143952572774344,2.9605263157894655,0.3289473684210526,2.631578947368421,0.2426433455407615,0.8404605263157895,23.945759019083106,16.95427631578947,15.370648070138,0.15814021747217685,-8.355263157894736,2.9605263157894655,0.3289473684210526,2.631578947368421,0.19985789473684168,23.265219244387115,16.458477247807014,14.824725938544999,1.2943543414960353e-16,-8.468311403508773,2.9605263157894655,0.3289473684210526,2.631578947368421,0.2025620087719302,57.035451557497886,68.93849057279148
cgmacros-026,cgmacros-026,cgmacros,prediabetes,True,7,,416.0,19.96588033212505,22.097866287108648,15.378061479843725,13.78582020363695,0.2440219931055229,-8.091284633391915,2.163461538461547,0.4807692307692308,1.6826923076923077,0.19354352843073386,0.8870192307692307,23.36481599901816,16.553399725274723,15.141168925679338,0.10374812599676726,-6.2391826923076925,2.163461538461547,0.4807692307692308,1.6826923076923077,0.14924124999999933,21.987025471250124,15.643307864010989,14.195485147867707,-1.886414122315743e-16,-6.4937042124542055,2.163461538461547,0.4807692307692308,1.6826923076923077,0.15532940476190404,50.95417152848083,63.0999840624908
cgmacros-027,cgmacros-027,cgmacros,healthy,True,3,,681.0,11.243322981654753,16.067961880776895,11.614772285681743,13.50103382084072,0.6481731368905777,-9.778994711184602,30.690161527165927,0.0,30.690161527165937,0.23391355349153553,0.9236417033773862,18.115994705067173,13.311796377875671,15.78357934664997,0.4624682131599955,-9.734214390602055,7.782672540381796,0.0,7.7826725403817925,0.2328424082232008,19.432723804954424,13.570744615761134,15.394410526319643,-7.279825744735007e-16,-9.868682697014188,68.72246696035242,0.0,68.72246696035242,0.23605889011257908,54.57228322982555,65.24063442735822
cgmacros-027,cgmacros-027,cgmacros,healthy,True,5,,489.0,15.003158855922322,11.327052775993863,7.847802741376513,9.38514385228713,0.665710832914415,-4.200310139773255,18.609406952965237,0.0,18.609406952965237,0.10047141854337571,1.0,14.45737405691908,11.014314928425359,13.728616847961895,0.4433014283786487,-3.6220858895705526,6.748466257668703,0.0,6.74846625766871,0.08664029447852784,14.27539574122228,10.518796864349012,12.717351933335374,,-3.6855316973415153,30.470347648261765,0.0,30.470347648261757,0.08815791820040886,55.53632095111519,60.95273174166871
cgmacros-027,cgmacros-027,cgmacros,healthy,True,7,,297.0,14.62286496221652,8.692752948683529,5.968031639766676,7.875264822025352,0.7134799813098809,1.2570145476818648,0.0,0.0,0.0,0.030067787980550875,1.0,12.040006663692527,8.920634920634921,11.941002261666547,0.4936028988156531,2.3862433862433865,10.774410774410775,0.0,10.774410774410772,0.057078941798941685,12.421834256831735,9.85431697931698,13.452672030736798,3.924866740803306e-17,2.383658008658013,39.73063973063973,0.0,39.73063973063973,0.05701709956710044,57.52094626533242,57.14558981404177
cgmacros-028,cgmacros-028,cgmacros,t2d,False,3,,961.0,17.43334611006241,22.874970249906248,16.50731117708923,13.098905966584809,0.24579148628051017,-10.313682908497693,0.7284079084287214,0.72840790842872,0.0,0.24670329517126532,0.9469302809573361,24.23569387641722,17.75043357613597,14.00868430587888,0.20523713501907564,-10.0979882067291,0.7284079084287214,0.72840790842872,0.0,0.24154387790496035,23.021938675258596,16.47457075962539,12.895847031709648,-2.51729576107133e-16,-10.121090588507348,0.7284079084287214,0.72840790842872,0.0,0.24209648687709517,42.169018366445215,52.824745353805696
cgmacros-028,cgmacros-028,cgmacros,t2d,False,5,,769.0,17.943818842058405,22.5195446723901,16.171004383490466,13.026641713281428,0.18661896818367557,-7.8725434987350535,0.9102730819245721,0.9102730819245773,0.0,0.18831124048974246,0.9388816644993498,21.3170337941031,15.518985695708713,12.375904181153658,0.3158640085656062,-6.488296488946685,0.9102730819245721,0.9102730819245773,0.0,0.15520005201560494,21.971361566411986,15.800121911573473,12.657951430079853,,-6.5111264629388765,0.9102730819245721,0.9102730819245773,0.0,0.15574614499349781,41.851363277585804,49.57479717401706
cgmacros-028,cgmacros-028,cgmacros,t2d,False,7,,577.0,17.26277985982232,23.51740254663714,17.162669555531632,13.72562513519189,0.18697027128141,-9.446093640570167,0.6932409012131728,0.6932409012131715,0.0,0.22595055988243828,0.8838821490467937,21.756994857737773,15.887719732607081,12.623565508123006,0.31343138985559704,-6.76293637038871,0.6932409012131728,0.6932409012131715,0.0,0.16176943797969745,22.364741037976597,16.303610113889576,13.027761750984142,5.084707107068954e-16,-6.779810906164898,0.6932409012131728,0.6932409012131715,0.0,0.16217307687546434,41.27829572451214,49.35921679828921
cgmacros-029,cgmacros-029,cgmacros,prediabetes,True,3,,894.0,14.340946159362145,20.240292566224724,14.53616497217476,12.563727226127819,0.48088773337428775,-2.486301103538068,0.7829977628635163,0.7829977628635347,0.0,0.059472322396630695,0.8512304250559284,23.065593980049552,16.474272930648773,14.357242506013728,0.3007666760706229,0.04138702460850112,1.1185682326621844,1.1185682326621924,0.0,0.0009899776286355078,21.941789006112078,16.840169028088493,14.886220804197267,-4.535090115723288e-16,0.04569817300521689,1.1185682326621844,1.1185682326621924,0.0,0.0010931002982852434,41.36861523693928,47.52964271451908
cgmacros-029,cgmacros-029,cgmacros,prediabetes,True,5,,702.0,16.769047908721205,18.686041395582514,13.543629814167996,12.003841013030947,0.46736117791709714,-0.1538569435800638,0.42735042735043294,0.4273504273504274,0.0,0.0036802580904353732,0.8490028490028491,20.758310044351777,15.792022792022792,14.525823140531488,0.3743717563032383,4.235612535612535,0.42735042735043294,0.4273504273504274,0.0,0.10131585185185177,20.953919009724576,17.51056505223172,16.290113800161333,2.5099011016637633e-16,4.009188034188034,0.42735042735043294,0.4273504273504274,0.0,0.09589977777777836,45.05721908255094,49.005692195733594
cgmacros-029,cgmacros-029,cgmacros,prediabetes,True,7,,510.0,15.504037201037395,19.74471287548809,14.140042026058238,12.463912995673704,0.3524181495581036,-1.7206318328516377,0.5882352941176521,0.5882352941176471,0.0,0.04115751344181007,0.7980392156862746,21.421332577497562,16.607002801120448,15.367323248642789,0.3332108945293254,4.964145658263306,0.5882352941176521,0.5882352941176471,0.0,0.11874236414565864,21.01424700199921,17.488754668534078,16.55202703094236,,4.717699579831931,0.5882352941176521,0.5882352941176471,0.0,0.112847373949581,51.75245679495541,56.34164487104114
cgmacros-030,cgmacros-030,cgmacros,t2d,False,3,,743.0,53.51871722787958,64.6335319254337,50.854022193779045,33.47880130872243,-0.06508542681893799,-4.782439868566799,26.9179004037685,26.64872139973082,0.2691790040376851,0.11439596165611832,0.8869448183041723,58.66733323778097,44.9304620906236,28.158991254951832,0.45678860086341944,-4.864961866307761,10.49798115746971,10.228802153432031,0.2691790040376851,0.11636988784208135,60.393907394135255,47.27479624644833,30.89002710356023,-2.0338657562035546e-17,-5.017599446687597,29.7442799461642,29.475100942126513,0.2691790040376851,0.12002097876476814,55.3950065211957,72.50389992380832
cgmacros-030,cgmacros-030,cgmacros,t2d,False,5,,551.0,61.89425390922778,57.71113970216553,47.35082746670018,31.888677659821496,-0.013285554395135828,2.034894168573253,25.771324863883848,25.77132486388385,0.0,0.048674668512271424,0.9183303085299456,56.42650006207986,41.20362976406534,25.814781629844703,0.4533132292743356,1.0638838475499102,3.2667876588021727,3.26678765880218,0.0,0.02544810163339406,55.7012784839822,45.54308454325469,30.65362259936616,2.1484326185112797e-16,-0.06758545069569515,29.219600725952816,29.219600725952816,0.0,0.001616643980640653,52.32072967635184,63.57259931769384
cgmacros-030,cgmacros-030,cgmacros,t2d,False,7,,359.0,56.65796958369703,63.63637803644719,50.85396306255672,32.41159271076929,0.0007672280570696927,-8.551320643859398,31.19777158774373,31.197771587743734,0.0,0.2045475898011171,0.8523676880222841,58.81208929265478,45.03680859530442,28.372356072858267,0.43209868569146875,-2.571229606048547,4.735376044568241,4.735376044568245,0.0,0.06150381217668155,62.51812340225064,50.94547105053721,33.51087810556952,4.873829229285334e-16,-4.214944787107036,31.19777158774373,31.197771587743734,0.0,0.10082147930759877,54.907140992570355,73.35127623820446
cgmacros-031,cgmacros-031,cgmacros,healthy,True,3,,627.0,11.678795190953272,20.507111918226983,12.308234434022905,14.910227825402284,0.3333672031101949,1.5833123580607984,7.177033492822957,1.1164274322169059,8.293460925039874,0.03787283160481447,0.8931419457735247,15.991476386811463,11.75571504518873,14.422881669675593,0.3042619007083827,0.6935140882509299,7.814992025518336,0.0,7.814992025518341,0.016588856990962242,12.995737762369561,9.97699029771398,12.306177752463315,4.483685295268635e-16,1.1948597820308313,13.556618819776716,0.0,13.556618819776714,0.02858104598617839,34.443357565469356,38.691465440543276
cgmacros-031,cgmacros-031,cgmacros,healthy,True,5,,435.0,10.989527109492588,22.000304398325273,13.373646642516164,16.099423550725948,0.30083057757822795,2.896491777436755,4.367816091954012,0.0,4.367816091954023,0.06928408331628688,0.8551724137931035,13.869730541267062,10.230804597701148,12.09765226243121,0.35113080487683723,-1.631724137931034,1.1494252873563084,0.0,1.1494252873563227,0.039030841379310566,13.561031269237937,9.859798850574713,11.538981758211857,-1.2025825400017136e-15,-0.9406609195402286,10.34482758620689,0.0,10.344827586206897,0.022500609195402532,35.11089034316355,39.2092467688842
cgmacros-031,cgmacros-031,cgmacros,healthy,True,7,,243.0,13.813743061894714,12.538569181079682,8.814979361299109,10.174745218596673,0.5367241547528493,0.34840750006187965,8.641975308641975,0.0,8.641975308641975,0.008333907401479657,0.9670781893004116,12.989987487380986,9.373309817754263,10.591704537070894,0.49912827334659793,-2.6654908877131103,3.7037037037037095,0.0,3.7037037037037033,0.06375854203409759,14.763336284116347,10.506723985890652,11.874129459296414,-1.2774147717108078e-16,-1.827344209288652,8.641975308641975,0.0,8.641975308641975,0.04371007348618505,34.09015884446936,35.78866580824084
cgmacros-032,cgmacros-032,cgmacros,healthy,True,3,,631.0,15.355353418201508,25.434076409709874,21.91640328069383,43.940771351016345,0.256785096554463,18.937823479318034,70.04754358161648,0.0,70.04754358161648,0.45299273762528713,0.554675118858954,26.266010889564352,22.032752245113574,43.743163227747765,0.2356835035884805,19.07554146856841,52.614896988906494,0.0,52.614896988906494,0.45628695192815627,26.164976400487593,22.55547301461525,45.451538111218966,-5.950671102318923e-16,19.396554190878675,70.04754358161648,0.0,70.04754358161648,0.46396557624581813,53.745246942759444,37.09656679113812
cgmacros-032,cgmacros-032,cgmacros,healthy,True,5,,439.0,14.243293246371907,26.251764138193835,23.532232841074904,49.22931236966383,0.28612512390419254,19.93759769880546,78.81548974943053,0.0,78.81548974943053,0.47690733695542686,0.40774487471526194,26.274650644962083,22.97220956719818,48.13603622695767,0.27535956664770384,19.673804100227795,48.06378132118451,0.0,48.06378132118451,0.4705973940774486,26.877633351874703,23.99779328018224,50.69981779859404,-9.687474259007098e-16,20.11968963553531,78.81548974943053,0.0,78.81548974943053,0.48126297608200375,59.301671912111836,42.42755429325267
cgmacros-032,cgmacros-032,cgmacros,healthy,True,7,,247.0,16.093394198437498,25.465668964451854,23.259005593054777,51.00148531683566,0.15852779407734433,18.968990873163335,34.412955465587046,0.0,34.412955465587046,0.453738261686067,0.4089068825910931,25.68058769738703,23.087044534412946,50.80974173570804,0.25252239554171313,19.321283979178716,47.773279352226716,0.0,47.77327935222672,0.46216511278195416,26.52473786757657,24.31354829381146,53.89906365755294,-2.765032230393111e-16,20.308632157316378,85.82995951417004,0.0,85.82995951417004,0.4857824812030067,64.30440638215971,48.30325945559674
cgmacros-033,cgmacros-033,cgmacros,healthy,False,3,,769.0,36.03381260153636,37.54718223668919,27.027480718702115,21.84268132081125,0.46283094422118853,-1.9993413393218458,9.882964889466834,8.45253576072822,1.4304291287386215,0.04782424483657888,0.9453836150845254,40.56512372458863,28.338896113278427,22.39321365105786,0.40829629790971844,-3.0351827770553377,7.542262678803638,6.11183355006502,1.4304291287386215,0.072601572027164,42.383620596070244,30.731171434763763,24.570136130904388,-2.937878392079835e-16,-3.105238284448312,11.703511053315992,10.273081924577374,1.4304291287386215,0.07427729976400332,45.572450995598025,56.66046721956087
cgmacros-033,cgmacros-033,cgmacros,healthy,False,5,,577.0,38.08127705718308,35.061803869385784,24.755205349580265,19.768278810555824,0.5472074153022662,-3.6845216494776167,10.225303292894282,9.012131715771229,1.2131715771230502,0.08813375785550459,0.9948006932409013,37.98650068835645,26.73968804159445,21.628415032635044,0.4588134119781768,-1.4693240901213176,2.2530329289428153,1.0398613518197557,1.2131715771230502,0.0351462322357019,40.97779250225198,29.433699210475634,23.66068261743945,,-1.583208164837288,10.745233968804158,9.532062391681109,1.2131715771230502,0.037870339302907396,50.41240278904604,59.85794523817444
cgmacros-033,cgmacros-033,cgmacros,healthy,False,7,,385.0,37.466349379822425,34.24951346244998,24.485260366472744,18.854567284550814,0.5289212228215023,-4.559634985088727,9.610389610389618,8.311688311688311,1.2987012987012987,0.10906646884332183,0.9896103896103896,35.967383064674195,25.723747680890536,20.801071044276085,0.47169528533680394,-2.010698824984539,6.493506493506487,5.194805194805195,1.2987012987012987,0.04809591589362938,39.708379508199016,28.41907338693052,22.53741990312823,-1.3405234065944275e-16,-2.14505772005774,10.649350649350652,9.35064935064935,1.2987012987012987,0.05130978066378056,58.13463225179521,64.69703870876161
cgmacros-034,cgmacros-034,cgmacros,healthy,True,3,,692.0,9.830833265326907,18.4573979108472,14.531203266177934,22.833270993530594,0.3570120389771344,8.075718902590523,32.94797687861272,0.0,32.947976878612714,0.19317119614996514,0.6083815028901735,19.435607910458288,15.47013487475915,24.16963029769469,0.24702393444638002,8.583333333333332,32.94797687861272,0.0,32.947976878612714,0.20531333333333368,19.760054106169378,16.00409441233141,25.12546271229082,1.6091732613835755e-15,8.653660886319852,32.94797687861272,0.0,32.947976878612714,0.20699556840077094,33.746974173930816,25.65512653041376
cgmacros-034,cgmacros-034,cgmacros,healthy,True,5,,500.0,14.919406988703598,17.633449237947367,13.139410283271669,18.736787595770423,0.2890778718882105,5.91019022774868,34.2,0.0,34.2,0.14137175024774873,0.848,15.29260213305767,12.199199999999998,18.03977607624006,0.43940731294953567,7.0476,26.200000000000003,0.0,26.200000000000003,0.16857859200000025,16.52749011012494,13.494899999999998,20.15444558550923,,6.917416666666662,34.2,0.0,34.2,0.1654646066666663,33.03263719414482,28.425838939392378
cgmacros-034,cgmacros-034,cgmacros,healthy,True,7,,308.0,15.807855831361186,14.41504526038454,10.43762875949494,13.107582718288324,0.3714262573071829,-1.8419800176983947,22.077922077922068,0.0,22.07792207792208,0.04406016202334584,0.948051948051948,12.6480432850238,9.575139146567718,12.601319129785935,0.4916153386454057,-0.1887755102040828,6.493506493506473,0.0,6.493506493506494,0.004515510204081252,14.495355344927077,11.22665429808287,14.77055896687481,-1.210003550910255e-16,-0.3963744588744577,22.077922077922068,0.0,22.07792207792208,0.009481277056277548,28.324643943842517,30.367741723833998
cgmacros-035,cgmacros-035,cgmacros,t2d,False,3,,672.0,38.250903823129754,48.171177443008624,36.310310165692144,16.504179345516313,0.5139471892789649,-27.52588872509276,39.434523809523796,39.43452380952381,0.0,0.6584192583042192,0.9270833333333334,51.78123178921553,41.388392857142854,19.324973143697026,0.5013931783956445,-26.31349206349206,31.69642857142857,31.69642857142857,0.0,0.6294187301587311,51.403726474971336,38.272796792328045,16.94654532397112,-4.903880732209488e-16,-26.313492063492067,62.94642857142857,62.94642857142857,0.0,0.6294187301587293,25.875642389081264,61.430919131054864
cgmacros-035,cgmacros-035,cgmacros,t2d,False,5,,480.0,38.288893443249094,47.84579285429004,36.44503712442057,15.648692573976708,0.5462419844686404,-30.61870242441332,48.74999999999999,48.75,0.0,0.7323993619919662,0.8083333333333333,49.204251171350364,38.58958333333333,16.90743966451845,0.5507721387496652,-31.6,28.541666666666664,28.54166666666667,0.0,0.7558720000000001,53.77630735406522,40.04654513888889,16.791498443853804,6.314131737512144e-16,-31.600000000000005,27.708333333333336,27.70833333333333,0.0,0.7558720000000019,22.725204436190815,58.58287468419237
cgmacros-035,cgmacros-035,cgmacros,t2d,False,7,,288.0,36.72429526180196,50.56046743811179,38.48411571931175,16.18834956768046,0.45362497949774666,-32.841667896725724,43.05555555555556,43.05555555555556,0.0,0.7855726960896785,0.9305555555555556,47.2566027972442,37.64335317460317,16.38997683159275,0.5654490904219879,-30.521825396825395,25.347222222222218,25.34722222222222,0.0,0.7300820634920644,52.29721120021342,38.76066468253968,15.89697611836437,-3.718173692565531e-17,-30.52182539682539,20.48611111111111,20.486111111111114,0.0,0.7300820634920626,21.31049884707327,60.01488524721596
cgmacros-036,cgmacros-036,cgmacros,t2d,True,3,,853.0,39.42297222572322,42.75301654387075,31.14377427152023,27.36000254218941,0.5324991285362234,-13.254080838659297,18.522860492379834,7.737397420867527,10.785463071512309,0.31703761366073024,0.977725674091442,36.792758521051134,26.383157483391948,23.204780580286588,0.5872733963450679,-10.61449785072294,10.199296600234462,0.11723329425556983,10.316529894490037,0.25389878858929293,42.99071727158475,31.894880812817505,29.0014255219792,,-9.901914810472833,18.522860492379834,7.737397420867527,10.785463071512309,0.2368538022665101,44.13514362383299,66.95680555386187
cgmacros-036,cgmacros-036,cgmacros,t2d,True,5,,661.0,42.42740103526618,39.28945889611997,30.816228020058226,33.244900858415704,0.5666521479743744,3.870328212123288,19.515885022692885,5.597579425113464,13.918305597579424,0.09257825083398785,0.9818456883509834,32.10021561707386,23.880484114977303,24.77621387652672,0.6403805369694056,5.747352496217851,15.733736762481087,1.8154311649016637,13.918305597579424,0.13747667170953104,40.92340041627194,32.63363590519414,35.80506145153944,,6.497478567826518,19.515885022692885,5.597579425113464,13.918305597579424,0.15541968734241074,46.726244298067904,55.622819707205615
cgmacros-036,cgmacros-036,cgmacros,t2d,True,7,,469.0,43.65595466056323,35.23235342703601,28.99720448686332,34.163263671922664,0.4756197747456668,6.729838723511456,19.189765458422173,2.9850746268656714,16.204690831556505,0.16097774226639405,0.9829424307036247,28.65412415706314,22.375266524520256,25.514977407679496,0.684630405421617,9.294852269265917,13.43283582089552,2.771855010660981,16.204690831556505,0.2223328662808406,37.33601138438518,31.19432493146512,37.46344455804923,5.402320490433872e-16,10.268856609808097,19.189765458422173,2.9850746268656714,16.204690831556505,0.2456310501066108,51.773761579198606,52.65883721184919
cgmacros-038,cgmacros-038,cgmacros,t2d,False,3,,679.0,25.254203650738148,24.507337940212466,18.377964627845763,15.369108896686399,0.49237901447883525,-1.683070430338936,4.123711340206185,4.123711340206185,0.0,0.040259044693706336,0.9882179675994109,27.589327703101926,18.021109474717722,14.830973370991462,0.486280811777198,-0.4619538537064305,2.209131075110463,2.2091310751104567,0.0,0.011049936180658193,27.981604153042056,20.209039027982328,16.839533662661925,,-0.9017857142857143,4.123711340206185,4.123711340206185,0.0,0.021570714285714665,39.580112826641376,47.84099228298384
cgmacros-038,cgmacros-038,cgmacros,t2d,False,5,,487.0,24.53082172241698,25.02055072153076,19.130497737401136,16.50529359749094,0.37098871364910235,1.4713610935022234,3.285420944558524,3.285420944558522,0.0,0.0351949573565733,0.8891170431211499,20.1260264446747,15.051129363449693,13.173737343028433,0.6501383514935648,2.861396303901438,3.285420944558524,3.285420944558522,0.0,0.06844459958932259,25.67888022244898,19.413308521560573,16.945650203893994,9.744560088392974e-17,2.5360583504448972,3.285420944558524,3.285420944558522,0.0,0.060662515742641254,39.93895650122285,45.59156848776266
cgmacros-038,cgmacros-038,cgmacros,t2d,False,7,,295.0,25.035257544053827,23.09699675206817,18.958531119177504,17.28151939703319,0.37002175494093187,5.897669019764025,2.0338983050847474,2.0338983050847457,0.0,0.141072242952756,0.9220338983050848,19.35873093742038,14.387409200968527,13.135829241214047,0.6757206405826572,7.401937046004842,0.0,0.0,0.0,0.17705433414043625,24.075343432270426,19.40994249394673,17.977781233426754,6.693048103494074e-16,7.011940072639229,2.0338983050847474,2.0338983050847457,0.0,0.16772560653753033,40.939344964247965,41.2572432366599
cgmacros-039,cgmacros-039,cgmacros,t2d,True,3,,859.0,29.215532127940847,51.30069506072282,36.338590547421596,23.401754692461363,0.2990260892342794,-22.126326746682377,13.620488940628647,14.086146682188593,0.46565774155995343,0.5292617357806417,0.9033760186263097,43.03641034570977,31.34361660845945,21.999784869046923,0.4721074394755919,-7.667636786961582,8.381839348079168,7.334109429569269,1.0477299185098952,0.18340987194411973,46.170322173191174,34.321679763290646,24.269608945334912,,-7.4811998771180965,18.742724097788127,17.694994179278233,1.0477299185098952,0.1789503010606639,75.1568368683507,106.44459856109614
cgmacros-039,cgmacros-039,cgmacros,t2d,True,5,,667.0,34.805044625117056,41.477063482009164,32.10323683370466,23.907643767046462,0.43815026502645404,-1.2486089250375758,10.944527736131931,9.595202398800598,1.3493253373313343,0.02986672548689917,0.904047976011994,42.935428663083805,31.324137931034485,23.6767632633889,0.4459327572240828,1.2353823088455764,6.896551724137936,5.547226386806596,1.3493253373313343,0.029550344827585562,46.12619838894205,35.53073775612194,27.139370394860755,,1.3327742378810723,17.241379310344826,15.892053973013493,1.3493253373313343,0.03187995977011582,70.622586649934,80.51894188063936
cgmacros-039,cgmacros-039,cgmacros,t2d,True,7,,475.0,35.19321307271388,42.73975997442451,32.91251921351604,24.91522835934323,0.3763980614492852,-1.6941592755671933,12.84210526315789,10.947368421052632,1.8947368421052633,0.04052428987156631,0.8231578947368421,43.056056808850485,32.41248120300752,25.61077049853474,0.43181684346563204,3.8822556390977456,6.526315789473685,4.631578947368421,1.8947368421052633,0.09286355488721831,46.23612096017302,37.07637531328321,29.47693854151405,,4.325040726817047,18.526315789473685,16.63157894736842,1.8947368421052633,0.10345497418546401,67.81516489306566,76.61568941051458
cgmacros-041,cgmacros-041,cgmacros,prediabetes,True,3,,666.0,30.06038354521184,24.819190389116393,19.499072956792926,14.690494356290731,0.656370117632162,3.653013456909506,9.00900900900902,9.00900900900901,0.0,0.08738008188927537,0.9984984984984985,30.430748382413803,21.58858858858859,15.834174073547743,0.47729738508314995,0.6351351351351358,2.552552552552555,2.5525525525525516,0.0,0.015192432432431957,32.21495997855433,26.48826951951952,19.794814485467235,,0.6960397897897896,10.96096096096096,10.96096096096096,0.0,0.016649271771771446,35.826594379941625,42.21863500690129
cgmacros-041,cgmacros-041,cgmacros,prediabetes,True,5,,474.0,27.50220866580981,25.037906128003087,17.804083182028208,12.957247508027706,0.5991243173484643,2.4999526946918738,5.274261603375535,5.2742616033755265,0.0,0.05979886845702875,0.9936708860759493,29.47026249133212,20.14725738396624,14.877039882883933,0.4527862424221512,-0.16540084388185722,0.6329113924050773,0.6329113924050631,0.0,0.003956388185654802,30.328152014614602,24.466455696202537,18.078338505743936,-8.620252440523341e-16,-0.17929852320673992,9.071729957805914,9.071729957805907,0.0,0.004288820675107274,35.58052850139833,42.35307003027688
cgmacros-041,cgmacros-041,cgmacros,prediabetes,True,7,,282.0,25.933601665840417,28.071780540169826,18.724374353234335,13.337552613959701,0.4942419200263147,1.634449135214729,1.7730496453900741,1.7730496453900715,0.0,0.039096023314336925,0.9893617021276596,24.74489469137052,17.732522796352583,13.236575991676636,0.5354398241889927,0.8895643363728477,0.7092198581560325,0.709219858156029,0.0,0.021278378926038677,27.68929602799002,23.08568684566025,17.32783798443555,4.370077919760121e-16,0.8786410840932063,7.092198581560282,7.092198581560284,0.0,0.021017094731510255,32.816143752429866,42.40027184486055
cgmacros-042,cgmacros-042,cgmacros,t2d,False,3,,680.0,21.64732924269214,22.859761692168508,17.02672608300061,12.674257525760874,0.0726693354723863,-2.485981594264478,3.82352941176471,3.823529411764706,0.0,0.059464679734805514,0.9338235294117647,29.28073911305068,21.692156862745097,16.20868373998868,-0.025035043043558716,-0.0936274509803921,1.764705882352942,1.7647058823529416,0.0,0.002239568627450339,21.7771850488993,17.135508578431374,12.924662374725916,5.546735688292521e-16,0.013848039215696417,3.82352941176471,3.823529411764706,0.0,0.000331245098039723,32.15625911078588,42.81231772933171
cgmacros-042,cgmacros-042,cgmacros,t2d,False,5,,488.0,22.411511425755446,23.087687587974525,17.553134580882848,13.639112196857308,-0.05865717259252699,2.148902156675759,1.4344262295081904,1.4344262295081966,0.0,0.05140173958768468,0.9323770491803278,21.48715876525509,16.4672131147541,12.776270972840534,0.16845530246087967,2.6709016393442617,1.8442622950819612,1.8442622950819672,0.0,0.06388796721311518,20.063679682120274,16.373428961748633,12.734552633017643,,2.6475751366120206,1.8442622950819612,1.8442622950819672,0.0,0.06332999726776034,31.357340239332256,38.22781875620356
cgmacros-042,cgmacros-042,cgmacros,t2d,False,7,,296.0,22.35022178791941,20.918445645762223,16.796955402910594,13.131075343463532,-0.022442813013840993,1.6725352925959158,1.689189189189193,1.6891891891891893,0.0,0.040007044198895336,0.9594594594594594,19.379885911354606,15.202702702702704,12.067657831090074,0.3269879934701187,3.313223938223938,1.689189189189193,1.6891891891891893,0.0,0.07925231660231802,20.158112691220385,16.834560006435012,13.273364439595342,6.708149252119948e-16,3.238819176319183,1.689189189189193,1.6891891891891893,0.0,0.07747255469755476,33.220902732743106,38.57162389381548
cgmacros-043,cgmacros-043,cgmacros,prediabetes,True,3,,681.0,16.434471137720514,20.64197799995988,16.360806248622964,20.10924576803326,0.429879551505564,6.776203372826422,13.509544787077829,0.0,13.509544787077827,0.1620867846780074,0.8737151248164464,18.731309823249596,14.11355849241312,16.521838417784316,0.488537903815012,0.4512971120900643,1.0279001468428817,0.0,1.0279001468428781,0.010795026921193163,20.242594104265205,16.053317221406427,19.43206251813944,-7.610166329887918e-16,0.49686429270680993,13.509544787077829,0.0,13.509544787077827,0.01188499388154618,44.194949246643134,39.50369097197934
cgmacros-043,cgmacros-043,cgmacros,prediabetes,True,5,,489.0,18.293712530088943,17.86970361782913,13.652419880995623,14.947588034820553,0.39390239525931015,0.1683866626071406,8.1799591002045,0.0,8.1799591002045,0.00402780896956223,0.9386503067484663,15.931104865937225,12.778936605316973,14.095347466762584,0.5473709359754224,-1.7781186094069525,4.0899795501022425,0.0,4.08997955010225,0.04253259713701496,17.731403734731664,14.302752215405588,15.716486151725316,2.373049251203512e-16,-1.8497188139059324,8.1799591002045,0.0,8.1799591002045,0.04424527402863099,39.543030844177316,42.07377208752455
cgmacros-043,cgmacros-043,cgmacros,prediabetes,True,7,,297.0,18.811912860369503,14.533226804206459,11.579801721619196,12.69038253005508,0.4285521617615973,-0.6448446509346772,5.723905723905716,0.0,5.723905723905724,0.01542468405035713,0.9764309764309764,13.604046143075545,10.533670033670033,11.834970965281034,0.5904076331341827,-0.42015392015391967,4.377104377104388,0.0,4.377104377104376,0.010050081770081931,15.582269036918737,13.129840067340067,14.789615267287395,-4.3009293967277425e-16,-0.4742364117364141,5.723905723905716,0.0,5.723905723905724,0.011343734968735752,38.25998780275115,41.64603293694054
cgmacros-044,cgmacros-044,cgmacros,prediabetes,False,3,,681.0,18.79844996649866,27.347816108196913,19.437007009459933,15.078660851563857,0.4589664710897876,-12.33011563280455,0.4405286343612289,1.6152716593245229,1.1747430249632893,0.29493636593668526,0.7180616740088106,29.42517632563561,21.342143906020556,16.853174008008377,0.2928336213977959,-11.905041605482134,1.7621145374449299,1.6152716593245229,0.14684287812041116,0.2847685952031327,30.00884160057399,22.056646679719368,17.24495224707426,-7.595279423884872e-17,-12.069964512971119,1.7621145374449299,1.6152716593245229,0.14684287812041116,0.28871355115026986,21.44606278686469,39.19151471325365
cgmacros-044,cgmacros-044,cgmacros,prediabetes,False,5,,489.0,23.196742612137694,23.07161969728505,16.96390246569655,13.802667332309035,0.5092072854863391,-5.005136968961105,1.2269938650306784,1.0224948875255626,0.2044989775051125,0.11972287629754952,0.8302658486707567,26.603826008343397,19.914519427402865,16.95241701286598,0.2826408539882126,-5.338650306748465,1.8404907975460105,1.6359918200409,0.2044989775051125,0.12770051533742333,26.68191354408568,20.503519086571234,16.986131428056613,,-5.60207055214724,1.8404907975460105,1.6359918200409,0.2044989775051125,0.13400152760736184,21.21961452115883,32.42172926650551
cgmacros-044,cgmacros-044,cgmacros,prediabetes,False,7,,297.0,22.07003195387854,25.028525620087404,18.132144098816163,14.468885299926201,0.4653742065371417,-4.401242256309571,0.33670033670033206,0.33670033670033694,0.0,0.10527771477092518,0.8282828282828283,23.928267391261212,17.63011063011063,14.507864107693793,0.5051324018537944,-5.978354978354978,2.0202020202020208,2.0202020202020203,0.0,0.14300225108225106,27.53682890773422,21.070321268237937,17.101969124799663,7.695192675149364e-16,-6.330943362193362,2.0202020202020208,2.0202020202020203,0.0,0.15143616522366532,20.234180150401592,33.13341195889329
cgmacros-045,cgmacros-045,cgmacros,prediabetes,False,3,,750.0,43.38565044210516,43.711552092439646,29.665785919328204,21.29592613332991,0.16366222999419744,-6.902106992944877,7.333333333333343,8.399999999999999,1.0666666666666669,0.16509839927124048,0.9253333333333333,45.67944711671639,33.05355555555556,23.430830453817265,0.1744631053565604,-9.028222222222224,7.733333333333334,7.466666666666666,0.26666666666666666,0.21595507555555482,40.69101980873477,27.511851851851855,19.45567455201649,-1.9693549367880686e-16,-9.189138888888895,12.0,11.733333333333333,0.26666666666666666,0.21980420222222108,43.84751638728622,64.83337512714881
cgmacros-045,cgmacros-045,cgmacros,prediabetes,False,5,,558.0,41.01377605390693,41.82413610451109,29.31471277759847,22.21395067388346,0.15174877205979243,-1.5748283994901124,8.960573476702507,8.602150537634408,0.35842293906810035,0.037669895315803004,0.967741935483871,39.94986665657516,28.565412186379927,21.023106885877088,0.2827408923085716,-3.4754480286738345,7.1684587813620055,6.810035842293906,0.35842293906810035,0.08313271684587775,40.59234631810651,28.20378584229391,20.95114038725253,3.9313722827099066e-16,-3.7061603942652352,11.469534050179206,11.11111111111111,0.35842293906810035,0.0886513566308249,46.57545310076133,60.395771184687995
cgmacros-045,cgmacros-045,cgmacros,prediabetes,False,7,,366.0,39.85066616292643,40.3052481309922,26.322374304873573,18.68845660109674,0.25848406400098967,-6.349426173828206,8.469945355191257,7.923497267759563,0.546448087431694,0.15187827407797005,0.9207650273224044,44.02783872383578,30.620413739266194,21.463333248545528,0.1503173116407425,-6.687548790007807,6.010928961748618,5.46448087431694,0.546448087431694,0.15996616705698674,41.432985177178246,27.009554709862083,18.961142508419133,,-6.897906908665105,10.382513661202182,9.836065573770492,0.546448087431694,0.16499793325526912,49.88303148968688,62.89831023361571
cgmacros-046,cgmacros-046,cgmacros,t2d,True,3,,691.0,42.95181396884362,49.57472370173697,39.205891340694556,23.227203595568206,0.3940398668302229,-1.0772302958458257,6.657018813314032,6.657018813314032,0.0,0.025767348676630775,0.9898697539797395,52.367146907705944,39.77641099855282,21.546084777196196,0.45935512573591913,-18.009696092619393,11.722141823444296,11.72214182344429,0.0,0.43079193053545417,56.754247694993225,43.607097202122524,23.83880120683631,-6.960490253039167e-16,-17.794908747387044,40.66570188133141,40.66570188133141,0.0,0.4256542172374971,28.95076313264252,55.32273315923723
cgmacros-046,cgmacros-046,cgmacros,t2d,True,5,,499.0,45.969633444499735,49.9414393417975,37.71533894452189,21.142851030896423,0.38826967434054344,-7.493614075303784,13.827655310621239,13.827655310621243,0.0,0.17924724868126596,0.9879759519038076,47.67490193118699,37.17074148296593,19.940981860632494,0.511704347311985,-15.560400801603205,10.220440881763523,10.22044088176353,0.0,0.3722047871743488,54.36073912152907,41.39691299265198,22.498025192911097,,-15.538793420173675,41.08216432865731,41.08216432865731,0.0,0.37168793861055427,30.187862031420117,57.50782528696713
cgmacros-046,cgmacros-046,cgmacros,t2d,True,7,,307.0,47.77009673108681,46.52223953023841,35.735300023538215,24.69931235500355,0.12086912854161316,17.542567992571815,14.332247557003257,14.33224755700326,0.0,0.41961822638231716,0.9315960912052117,40.448078616302425,32.03862261516984,22.625962510566705,0.5900597154384905,23.425872498836668,28.664495114006513,28.664495114006517,0.0,0.5603468701721734,45.882742455345664,38.19408154955794,28.090171165293476,,23.835876182720654,77.85016286644951,77.85016286644951,0.0,0.5701541582906771,31.6592608060939,38.02993724331376
cgmacros-047,cgmacros-047,cgmacros,t2d,True,3,,758.0,34.64311996698451,33.33626735226384,24.119812364880794,13.951069996242335,0.5489821084189273,-13.836952599120034,12.532981530342994,12.532981530343006,0.0,0.33097990617095085,0.9920844327176781,33.10515569997628,25.226912928759894,14.875064136706365,0.6423002557559808,-16.689094107299915,14.116094986807383,14.116094986807386,0.0,0.3992031310466144,39.65916241608466,28.440880606860162,16.10249892739838,,-16.427816256229846,24.27440633245382,24.274406332453825,0.0,0.392953364849018,43.90888710114899,61.02445784528246
cgmacros-047,cgmacros-047,cgmacros,t2d,True,5,,566.0,31.190979662782567,38.33881986627894,27.559335635153644,16.393581312455442,0.37668046939568633,-9.209739234733261,4.063604240282686,4.063604240282686,0.0,0.22029696249481923,0.950530035335689,28.391670007152683,20.813074204946997,12.375723929227268,0.6663784143738043,-9.535335689045937,10.247349823321557,10.247349823321553,0.0,0.22808522968197842,35.820756044565,25.723144876325087,15.052536166778074,2.1489370372009162e-16,-9.332332155477026,22.438162544169614,22.43816254416961,0.0,0.22322938515901125,42.97687474512618,60.79918641210495
cgmacros-047,cgmacros-047,cgmacros,t2d,True,7,,374.0,29.739288805726527,41.33323366653996,30.27659588066622,18.383727233841096,0.1810587670485831,-11.447521840505228,7.219251336898395,7.219251336898399,0.0,0.27382472242488465,0.8770053475935828,25.239368622713354,18.680672268907564,11.81859585665622,0.6720431214725441,-0.3575248281130639,1.3368983957219314,1.3368983957219278,0.0,0.008551993888463727,32.6778532103114,24.913515406162464,15.932421606418979,-3.162917223733305e-16,-0.34240514387572174,19.786096256684488,19.786096256684495,0.0,0.008190331041506127,43.379245936455014,63.75891879452196
cgmacros-048,cgmacros-048,cgmacros,healthy,False,3,,869.0,17.0451885773777,24.63376202374945,20.92953202940165,23.722033713296785,0.4203744937197333,-17.339428826429707,55.69620253164557,0.0,55.69620253164557,0.4147591375281987,0.8768699654775605,26.722570381694734,22.568469505178367,25.943686856279886,0.3346530213896686,-17.624088991177597,28.193325661680085,0.0,28.193325661680092,0.42156820866896805,26.09037721717549,21.4587848420918,23.810828854566573,,-17.630462057281676,86.53624856156502,0.0,86.53624856156502,0.421720652410178,38.13052382213648,53.893416837374595
cgmacros-048,cgmacros-048,cgmacros,healthy,False,5,,677.0,17.053703644109188,27.075945255591765,23.867519847048776,25.052810452448,0.47231715388637013,-23.527224937165848,70.31019202363368,0.0,70.31019202363368,0.562771220497007,0.8168389955686853,27.884562365511506,23.990103397341212,25.324588179656438,0.38115868701855715,-23.23559822747415,49.33530280649926,0.0,49.33530280649926,0.5557955096011815,27.493582106638232,23.255129862136883,23.615375583138963,-8.560884523588544e-17,-23.226314007877892,99.40915805022156,0.0,99.40915805022156,0.5555734310684395,34.27573395219416,56.33525371712533
cgmacros-048,cgmacros-048,cgmacros,healthy,False,7,,485.0,17.192717278558558,24.92802483483034,21.274498030322622,21.71245526659144,0.48930395178447356,-20.990428656945955,59.79381443298969,0.0,59.79381443298969,0.502091053474147,0.8103092783505155,24.282845277991346,20.084830633284245,20.4595321563745,0.3878968582444473,-19.30574374079529,35.25773195876289,0.0,35.25773195876289,0.4617933902798228,24.49723808347585,19.359493127147775,18.911483692476942,-6.733257092175402e-16,-19.255713058419254,0.20618556701030855,0.0,0.2061855670103093,0.46059665635738867,32.2560874139709,51.488295384926936
cgmacros-049,cgmacros-049,cgmacros,t2d,True,3,,733.0,30.070487079207123,47.560613000412225,36.57448975329889,29.391977594087688,0.48689557887525386,14.27717911082046,2.4556616643929203,3.8199181446111865,1.3642564802182808,0.3415101243308243,0.9358799454297408,45.9949735606537,36.25557071396089,28.34535116861085,0.4733572747863712,11.294679399727151,9.004092769440646,6.684856753069576,2.3192360163710775,0.27016873124147267,45.72161704754792,37.70151205093224,32.174695149286734,4.2108980530527526e-16,11.700943610732143,19.236016371077753,16.916780354706685,2.3192360163710775,0.2798865711687135,42.414587956115284,53.02817413998754
cgmacros-049,cgmacros-049,cgmacros,t2d,True,5,,541.0,28.57507703192637,50.28652614707086,38.558688298093266,31.532137351068425,0.39538360629446306,13.67479817518136,0.36968576709797674,2.587800369685766,2.957486136783734,0.3271011723503374,0.8946395563770795,42.055980868388005,33.54436229205176,27.416311741175907,0.5036027177644451,9.264140480591495,9.242144177449177,6.284658040665436,2.957486136783734,0.22159824029574793,46.98393827735255,38.448632932840425,32.907626330262715,,9.291477972889707,19.40850277264326,16.45101663585952,2.957486136783734,0.2222521531115209,47.42292121497707,58.12882352234892
cgmacros-049,cgmacros-049,cgmacros,t2d,True,7,,349.0,33.758508742093056,44.458977015097275,35.488187716719075,27.50278887904211,0.4707766384917128,-1.667912369390812,16.045845272206307,12.034383954154727,4.011461318051576,0.039896463875829014,0.9312320916905444,41.82209355714236,33.76135898485469,26.55995217520587,0.557116067821198,1.6393778141629156,17.765042979942706,13.753581661891117,4.011461318051576,0.0392139173147763,50.34903798354303,40.704303963705826,33.17068051352958,,1.6197255764770142,25.50143266475645,21.48997134670487,4.011461318051576,0.038743835789329495,54.67777451385495,64.68725413464325
